City_ID,lon,temp,temp_max,humidity,wind_speed,lat,date,country,cloudiness
0,172.7902,27.04,27.04,78,5.53,3.0707,1670466730,KI,95
1,112.9333,24.77,24.77,94,0.61,2.0167,1670466730,MY,100
2,-159.775,28.03,28.03,74,4.12,-21.2078,1670466731,CK,20
3,121.5167,-17.39,-17.39,95,1.51,50.7833,1670466731,CN,99
4,-70.9167,6.06,6.06,65,6.17,-53.15,1670466530,CL,0
5,-79.2353,5.55,6.12,78,2.57,42.097,1670466728,US,100
6,140.3,13.83,13.83,52,0.62,35.1333,1670466732,JP,0
7,117.1333,34.86,34.86,23,5.65,-20.7833,1670466732,AU,0
8,-68.3,5.81,5.81,56,6.69,-54.8,1670466520,AR,40
9,168.3333,17.54,17.54,67,1.16,-46.6,1670466733,NZ,100
10,-134.9692,24.24,24.24,80,8.61,-23.1203,1670466733,PF,6
11,-20.2734,0.4,0.4,72,1.71,63.4427,1670466733,IS,34
12,-35.8244,23.45,23.45,94,1.54,-9.5633,1670466734,BR,20
13,-156.47,25.98,26.02,70,11.83,20.8947,1670466189,US,20
14,132.2111,-7.88,-7.88,59,2.51,46.3317,1670466734,CN,2
15,-69.3632,-10.43,-10.43,89,0.95,77.484,1670466735,GL,100
16,168.8643,21.85,21.85,50,1.53,-46.1927,1670466735,NZ,100
17,92.75,27.38,27.38,77,4.44,11.6667,1670466736,IN,42
18,-66.9764,22.74,22.74,96,0.3,-7.7136,1670466736,BR,100
19,-159.319,24.5,27.99,82,7.72,22.0752,1670466736,US,75
20,40.9171,13.25,13.25,66,2.97,34.4506,1670466737,SY,100
21,-76.5119,12.75,13.87,95,3.09,38.8876,1670466737,US,100
22,-175.2,29.09,29.09,84,2.06,-21.2,1670466738,TO,75
23,141.4333,20.72,20.72,19,7.72,-31.95,1670466617,AU,0
24,85.6333,16.91,16.91,41,2.84,25.0167,1670466738,IN,72
25,147.3294,12.92,12.93,54,8.75,-42.8794,1670466735,AU,40
26,82.8265,-16.32,-16.32,92,5.38,58.3631,1670466739,RU,98
27,-78.68,18.09,19.1,95,4.63,33.816,1670466697,US,0
28,147.1797,29.68,29.68,74,5.14,-9.4431,1670466739,PG,75
29,-73.9662,9.83,11.43,86,0.89,42.6001,1670466536,US,100
30,158.6483,-3.67,-3.67,80,2.0,53.0452,1670466705,RU,40
31,117.4831,12.5,12.5,90,1.1,27.3409,1670466740,CN,100
32,25.7167,-9.33,-9.33,92,5.14,66.5,1670466689,FI,75
33,161.3,-33.85,-33.85,99,1.88,68.75,1670466740,RU,24
34,88.3972,-29.33,-29.33,100,1.1,69.4865,1670466741,RU,100
35,57.7575,25.14,25.14,83,7.2,-20.3428,1670466194,MU,75
36,115.3333,22.7,22.7,55,5.92,-33.65,1670466741,AU,0
37,27.9116,21.36,21.36,79,4.4,-33.0153,1670466742,ZA,100
38,-68.5145,-9.61,-9.15,92,2.57,63.7506,1670466742,CA,100
39,71.3833,18.19,18.19,23,1.99,25.75,1670466742,IN,0
40,111.5,-34.61,-34.61,100,2.07,66.0,1670466743,RU,95
41,139.9,-30.56,-30.56,97,2.46,69.3,1670466743,RU,100
42,114.0089,27.07,27.08,83,3.6,4.4148,1670466613,MY,40
43,-57.5575,20.55,24.01,81,8.75,-38.0023,1670466744,AR,40
44,19.2345,16.56,16.56,90,4.38,-34.4187,1670466744,ZA,94
45,166.4372,-34.19,-34.19,97,2.03,68.0546,1670466741,RU,20
46,-114.0611,16.23,16.23,71,6.42,27.9769,1670466750,MX,2
47,18.4232,19.03,20.77,72,5.36,-33.9258,1670466600,ZA,0
48,46.7219,16.08,16.08,93,3.39,24.6877,1670466000,SA,28
49,-139.0333,25.69,25.69,73,7.92,-9.8,1670466750,PF,14
50,-24.4956,23.75,23.75,77,0.97,14.8961,1670466751,CV,36
51,-103.5343,-18.85,-18.85,98,3.38,52.1667,1670466751,CA,33
52,26.891,20.1,20.1,95,0.89,-33.5906,1670466751,ZA,100
53,147.2712,27.78,27.78,74,4.91,-2.0226,1670466752,PG,96
54,27.214,-0.11,-0.11,94,3.88,51.2796,1670466752,UA,100
55,170.5036,14.89,14.89,68,2.24,-45.8742,1670466585,NZ,100
56,-173.3,-5.94,-5.91,63,4.02,64.3833,1670466683,RU,100
57,141.9667,14.43,14.43,50,7.78,-38.2667,1670466133,AU,25
58,153.6833,-42.51,-42.51,100,0.73,67.45,1670466753,RU,57
59,-77.4286,11.45,12.9,94,3.09,39.0062,1670466606,US,100
60,143.3,-26.47,-26.47,87,3.92,59.3833,1670466753,RU,78
61,85.9065,16.09,16.09,73,1.14,26.7183,1670466134,NP,0
62,-99.3904,4.51,7.57,93,4.63,36.4337,1670466754,US,100
63,-152.4072,-0.27,-0.27,51,13.38,57.79,1670465995,US,20
64,30.7861,-4.33,-4.06,90,5.5,59.7035,1670466754,RU,100
65,31.6605,23.22,23.22,25,3.6,9.5334,1670466755,SS,92
66,-53.4616,18.41,18.41,93,4.47,-33.6971,1670466755,UY,40
67,-89.6835,-9.3,-7.84,85,0.0,45.1805,1670466462,US,0
68,172.6333,18.27,19.07,56,9.26,-43.5333,1670465996,NZ,100
69,-52.7314,2.49,3.2,97,3.09,47.6666,1670466756,CA,100
70,124.7333,-13.53,-13.53,71,1.5,52.3333,1670466756,CN,69
71,118.5667,35.03,35.03,43,6.17,-20.3167,1670466756,AU,2
72,74.2,19.63,19.63,60,2.04,16.4,1670466757,IN,97
73,-56.1549,-4.29,-4.29,70,6.14,72.7868,1670466757,GL,100
74,20.0403,15.44,15.44,92,2.21,-34.5322,1670466757,ZA,67
75,-113.5841,4.14,5.53,83,2.57,37.1041,1670466644,US,0
76,114.1577,20.06,21.25,76,1.79,22.2855,1670466758,HK,11
77,7.9877,-7.95,-7.95,74,2.06,59.5714,1670466758,NO,96
78,57.5802,25.25,25.26,74,6.26,-20.0182,1670466759,MU,17
79,18.8162,19.22,19.22,98,0.79,-5.041,1670466759,CD,100
80,-80.3973,22.73,23.88,74,3.09,27.6386,1670466478,US,100
81,66.5515,-17.47,-17.47,92,3.74,56.5042,1670466759,RU,84
82,37.8879,-6.6,-6.6,84,6.68,51.1537,1670466140,RU,100
83,-50.0119,17.86,17.86,97,2.68,-24.7911,1670466760,BR,35
84,119.3661,30.01,30.01,59,2.05,-5.3166,1670466760,ID,93
85,136.4192,31.41,31.41,51,3.02,-13.8483,1670466761,AU,100
86,25.5701,19.39,21.17,90,5.66,-33.918,1670466761,ZA,100
87,140.7667,14.1,14.1,48,4.94,-37.8333,1670466761,AU,93
88,-122.6762,3.57,4.78,90,2.57,45.5234,1670466068,US,100
89,1.0945,8.04,8.04,78,1.99,44.1024,1670466762,FR,83
90,-135.0107,-28.64,-28.64,85,4.71,68.2191,1670466762,CA,36
91,-0.759,25.5,25.5,85,1.45,5.2618,1670466763,GH,11
92,-53.6735,-2.64,-2.64,69,5.81,66.9395,1670466763,GL,100
93,-73.65,15.71,15.71,98,4.98,-37.6167,1670466769,CL,99
94,31.1107,1.99,1.99,75,11.32,70.3705,1670466769,NO,100
95,-45.2371,-3.36,-3.36,75,2.0,60.1432,1670466237,GL,93
96,-51.1,1.01,1.01,64,8.23,69.2167,1670466769,GL,100
97,-151.75,26.99,26.99,78,7.17,-16.4833,1670466770,PF,100
98,-63.5986,3.2,3.2,93,6.17,50.2334,1670466770,CA,100
99,-121.895,9.69,11.53,79,2.06,37.3394,1670466121,US,75
100,178.4167,-25.76,-25.76,100,2.16,69.3833,1670466771,RU,98
101,-52.95,25.32,25.32,88,3.51,5.3833,1670466758,GF,100
102,108.85,8.28,8.28,64,0.84,30.3,1670466771,CN,78
103,48.6872,-8.48,-8.48,87,3.65,63.4106,1670466772,RU,100
104,22.401,20.28,20.28,67,5.33,-26.0217,1670466773,BW,99
105,58.5334,17.5,17.5,68,1.58,22.6906,1670466683,OM,0
106,106.2708,-11.34,-11.34,45,1.59,45.7625,1670466773,MN,0
107,-90.3518,21.42,21.42,95,1.34,-0.7393,1670466685,EC,20
108,-121.9166,8.56,10.24,85,2.06,36.6177,1670466660,US,0
109,152.2633,28.18,28.18,75,3.52,-4.352,1670466774,PG,100
110,-17.1,18.25,18.73,83,7.17,32.6667,1670466774,PT,86
111,55.4916,2.78,2.78,87,2.06,37.3807,1670466774,IR,0
112,103.1408,24.75,24.75,92,2.94,5.3302,1670466775,MY,100
113,-49.6678,-4.12,-4.12,75,4.06,61.994,1670466383,GL,96
114,-39.2481,23.11,23.11,96,1.62,-17.7125,1670466775,BR,100
115,-126.8329,-32.98,-32.98,68,3.6,65.282,1670466242,CA,20
116,138.95,14.5,15.2,50,6.49,34.6667,1670466156,JP,0
117,-110.8107,-1.41,-1.41,93,1.54,39.5994,1670466476,US,100
118,80.5464,-25.43,-25.43,97,8.12,73.5069,1670466776,RU,99
119,120.875,-15.41,-15.41,77,1.32,53.858,1670466776,RU,64
120,80.2644,-3.04,-3.04,39,1.49,41.1231,1670466777,CN,100
121,-72.4167,14.74,14.74,93,1.94,-35.3333,1670466158,CL,11
122,-156.7887,-9.99,-9.99,85,7.72,71.2906,1670466777,US,100
123,-73.999,12.25,13.32,92,4.63,40.8126,1670466777,US,100
124,-81.7006,27.01,27.01,78,5.14,12.5847,1670466778,CO,20
125,-97.8558,-24.91,-24.91,77,1.03,55.7435,1670466778,CA,100
126,34.7642,11.35,14.11,100,1.17,31.61,1670466720,IL,0
127,6.6147,6.67,6.67,100,0.51,36.365,1670466779,DZ,20
128,53.471,-20.9,-20.9,97,1.94,54.4815,1670466779,RU,13
129,-155.09,23.4,24.6,88,2.57,19.7297,1670466779,US,75
130,-65.7125,-9.77,-9.77,66,4.45,66.1451,1670466780,CA,100
131,57.5167,25.21,25.21,83,7.2,-20.5167,1670466780,MU,75
132,-62.9967,25.71,25.71,28,10.16,-40.8135,1670466630,AR,38
133,66.2585,8.59,8.59,51,0.69,28.4914,1670466780,PK,0
134,-73.414,12.43,14.0,88,2.57,41.3712,1670466633,US,20
135,23.45,17.1,17.1,97,1.47,-7.0,1670466781,CD,100
136,-135.33,6.94,6.94,70,5.66,57.0531,1670466781,US,100
137,100.3354,27.35,28.96,75,4.12,5.4112,1670466612,MY,20
138,57.7,25.16,25.16,83,7.2,-20.4081,1670466215,MU,75
139,135.6,-32.74,-32.74,99,0.75,62.6667,1670466782,RU,100
140,-59.6167,22.27,24.96,88,3.09,13.1,1670466787,BB,20
141,121.9,23.19,23.19,53,5.98,-33.8667,1670466788,AU,78
142,-117.0333,13.04,13.95,73,2.85,32.3333,1670466788,MX,0
143,143.2326,-14.28,-14.28,80,3.69,51.7102,1670466788,RU,17
144,-133.0374,-28.0,-28.0,69,7.2,69.4541,1670466736,CA,20
145,34.521,-5.95,-5.95,94,6.35,54.3121,1670466789,RU,100
146,53.087,-9.34,-9.34,92,6.98,67.6713,1670466250,RU,94
147,-53.1147,3.68,3.68,78,4.97,48.6499,1670466790,CA,100
148,102.2655,27.89,27.89,71,1.8,-3.8004,1670466790,ID,89
149,-73.3579,12.76,13.76,91,3.13,41.1415,1670466790,US,96
150,22.4617,12.75,12.75,94,1.54,-33.963,1670466370,ZA,75
151,-68.5914,-17.87,-17.87,71,3.09,70.4692,1670466791,CA,40
152,-22.4338,-2.74,-2.74,74,2.06,63.8424,1670466557,IS,40
153,147.9167,-29.54,-29.54,98,2.86,70.6333,1670466192,RU,80
154,18.3463,16.97,16.97,72,1.03,9.1104,1670466792,TD,0
155,15.6401,-6.09,-6.09,68,5.66,78.2186,1670466792,SJ,75
156,96.1285,26.31,26.31,79,0.64,4.1363,1670466792,ID,100
157,150.6667,28.32,28.32,75,2.29,-10.6167,1670466793,PG,98
158,116.8463,33.63,33.63,27,5.93,-20.7377,1670466793,AU,0
159,79.5667,12.9,12.9,17,2.06,30.5667,1670466794,IN,0
160,120.8572,30.06,31.82,62,2.9,14.8872,1670466423,PH,97
161,12.6667,10.93,13.27,87,2.57,37.8333,1670466646,IT,0
162,-27.0667,15.14,15.14,88,8.99,38.7333,1670466795,PT,75
163,103.9393,11.51,11.51,55,0.68,30.9866,1670466795,CN,93
164,-52.9,0.54,0.54,75,7.43,65.4167,1670466795,GL,100
165,-105.2,25.57,25.57,89,2.57,20.7,1670466177,MX,40
166,18.2138,18.15,18.15,21,2.88,11.9801,1670466796,TD,7
167,-122.4869,9.33,10.93,84,1.79,37.6138,1670466797,US,20
168,21.95,14.48,14.48,82,2.72,36.8,1670466797,GR,19
169,-93.218,-12.78,-10.05,79,1.54,45.0205,1670466645,US,0
170,-43.3394,22.97,22.97,90,1.16,-3.7367,1670466798,BR,18
171,-45.3581,22.67,22.67,90,1.92,-23.7781,1670466588,BR,42
172,-50.2056,20.96,20.96,92,4.3,-30.1811,1670466776,BR,5
173,114.6,24.23,24.23,57,6.69,-28.7667,1670466798,AU,100
174,-72.225,19.1,19.1,95,1.18,7.7669,1670466799,VE,81
175,26.6667,19.08,19.08,99,0.25,-3.6,1670466799,CD,95
176,48.3333,23.97,23.97,83,2.08,-21.2167,1670466799,MG,61
177,151.2167,20.74,27.79,53,8.23,-33.9167,1670466673,AU,20
178,73.0,26.98,26.98,76,2.9,5.6667,1670466800,MV,100
179,21.85,19.31,19.31,78,2.21,-18.3667,1670466800,BW,7
180,-80.0164,4.63,5.23,87,2.06,44.5168,1670466801,CA,100
181,78.7,-12.12,-12.12,94,5.25,67.4667,1670466182,RU,100
182,-114.3525,-31.71,-31.36,75,1.54,62.456,1670466784,CA,20
183,172.9752,31.0,31.0,66,5.14,1.3292,1670466802,KI,75
184,112.4,-35.31,-35.31,66,1.5,66.4167,1670466802,RU,100
185,113.6333,23.63,23.63,59,6.14,-24.8667,1670466808,AU,45
186,-35.1047,24.68,24.68,80,2.79,-8.7597,1670466808,BR,44
187,17.9442,16.03,16.03,91,3.61,-33.0117,1670466808,ZA,36
188,150.7967,28.53,28.53,71,2.47,-2.5744,1670466780,PG,100
189,15.1594,14.32,14.32,75,3.49,-26.6481,1670466809,NA,0
190,96.37,-16.38,-16.38,97,1.82,61.67,1670466809,RU,100
191,50.5832,23.99,23.99,64,3.6,26.2154,1670466810,BH,0
192,80.8833,17.1,17.1,57,1.41,17.6667,1670466810,IN,100
193,118.9636,-3.62,-3.62,37,4.75,42.2683,1670466811,CN,0
194,24.05,-2.82,-2.82,87,0.95,46.95,1670466811,RO,7
195,159.9667,-7.99,-7.99,70,3.81,59.1167,1670466811,RU,100
196,-74.5746,13.2,14.01,94,1.79,39.2776,1670466644,US,100
197,103.3097,-17.28,-17.28,78,0.89,50.2981,1670466812,RU,90
198,-46.0333,-7.05,-7.05,72,2.75,60.7167,1670466344,GL,93
199,128.8694,-22.0,-22.0,99,4.97,71.6872,1670466812,RU,100
200,-42.3703,25.05,25.05,86,2.49,-3.4578,1670466813,BR,27
201,43.2418,-12.59,-12.59,85,5.65,55.0433,1670466813,RU,12
202,-103.6833,23.72,23.72,94,0.64,18.7333,1670466814,MX,27
203,42.4509,11.29,12.06,72,0.41,18.3851,1670466814,SA,8
204,121.8233,19.22,21.75,90,3.38,24.8592,1670466814,TW,88
205,147.0587,12.73,12.73,41,2.24,-42.7826,1670466733,AU,70
206,73.0833,27.05,27.05,78,7.83,-0.6,1670466815,MV,100
207,-114.3129,-2.98,-2.98,100,1.54,48.1958,1670466815,US,100
208,170.3133,-24.67,-24.67,98,1.24,69.7008,1670466816,RU,90
209,19.9489,-1.55,-1.12,60,1.34,49.299,1670466816,PL,68
210,-101.9732,10.08,10.08,93,3.6,35.8656,1670466816,US,40
211,-95.3336,10.01,11.64,97,0.0,35.5834,1670466197,US,100
212,55.7679,23.77,23.77,85,6.31,-21.3585,1670466817,RE,43
213,-28.7,15.22,15.99,77,2.57,38.5167,1670466817,PT,40
214,118.2631,-16.31,-16.31,77,2.23,56.9064,1670466732,RU,82
215,81.7214,13.99,13.99,39,2.42,20.8322,1670466818,IN,100
216,-53.4914,15.41,15.41,88,1.54,-30.5122,1670466818,BR,2
217,-106.9,21.46,21.46,83,3.38,23.9167,1670466818,MX,1
218,-46.05,-5.88,-5.88,69,3.22,60.9167,1670466744,GL,78
219,-137.5108,-9.03,-9.03,86,0.0,60.7522,1670466249,CA,99
220,-109.9124,24.74,25.28,82,0.0,22.8909,1670466769,MX,0
221,49.6769,-12.53,-12.53,81,3.47,51.1786,1670466819,RU,7
222,-158.2175,25.97,26.95,60,5.66,21.4694,1670466200,US,100
223,145.4333,33.49,33.58,48,2.28,-17.0,1670466779,AU,18
224,106.7117,-2.37,-2.37,38,0.75,39.4994,1670466820,CN,100
225,123.3711,-31.91,-31.91,93,3.31,66.7697,1670466820,RU,95
226,-76.2167,19.03,19.03,82,1.03,-13.7,1670466821,PE,0
227,16.4901,18.93,18.93,23,4.95,13.6408,1670466821,TD,77
228,-1.3626,0.76,2.04,85,2.81,53.7259,1670466821,GB,23
229,45.0367,25.35,25.35,73,5.85,12.7794,1670466822,YE,50
230,102.5,-34.92,-34.92,90,2.89,71.9667,1670466822,RU,16
231,-165.4064,-8.96,-8.96,86,3.09,64.5011,1670466225,US,0
232,-127.1743,-0.82,-0.82,86,2.57,54.7804,1670466823,CA,100
233,100.1833,13.36,13.36,44,0.95,25.7,1670466828,CN,17
234,50.8122,23.84,23.84,83,6.96,9.4942,1670466829,SO,32
235,64.6357,23.42,23.42,59,2.34,25.2088,1670466829,PK,0
236,72.642,27.63,27.63,68,2.52,10.5669,1670466283,IN,100
237,-71.1419,25.35,25.35,64,8.35,21.4612,1670466741,TC,2
238,-74.8492,-4.12,-4.12,93,3.92,49.7834,1670466771,CA,100
239,-75.9469,22.69,22.69,68,3.6,20.0489,1670466830,CU,20
240,130.4114,-25.64,-25.64,99,0.62,67.8006,1670466830,RU,100
241,20.1347,3.03,3.03,84,7.34,54.675,1670466830,RU,100
242,-84.5333,8.78,9.99,91,3.6,39.1834,1670466831,US,100
243,140.8333,13.22,14.05,40,3.74,35.7333,1670466831,JP,0
244,72.8944,27.46,27.46,80,6.4,2.6708,1670466832,MV,100
245,126.65,-7.03,-7.03,64,3.79,45.75,1670466616,CN,1
246,59.5289,21.99,21.99,54,1.85,22.5667,1670466723,OM,0
247,55.6167,23.21,23.21,82,5.51,-21.3667,1670466833,RE,24
248,41.8754,9.96,9.96,61,2.16,36.3209,1670466833,IQ,100
249,71.7189,0.4,0.4,93,1.03,40.4272,1670466233,UZ,75
250,54.5906,-0.22,-0.22,40,9.26,39.2061,1670466834,TM,93
251,10.7002,-3.46,-3.13,91,0.84,46.6166,1670466834,IT,36
252,25.95,20.84,20.84,100,0.29,-2.95,1670466834,CD,100
253,18.2603,20.76,20.76,97,1.37,0.0487,1670466835,CD,100
254,-73.8203,13.61,13.61,89,8.22,-41.8697,1670466749,CL,90
255,57.7625,25.05,25.06,80,8.19,-20.2078,1670466835,MU,42
256,38.9833,11.33,11.33,84,1.35,5.8833,1670466836,ET,78
257,107.4458,-12.14,-12.14,91,3.12,56.1725,1670466836,RU,100
258,-37.6368,-4.91,-4.91,68,2.01,65.6145,1670466837,GL,34
259,167.6833,17.5,17.5,71,2.97,-46.1333,1670466837,NZ,100
260,-15.8333,26.94,26.94,72,4.73,11.2833,1670466837,GW,0
261,-46.02,24.76,24.76,86,2.04,-1.195,1670466838,BR,97
262,125.4092,25.59,25.59,37,1.34,-8.9266,1670466838,TL,93
263,169.8464,20.81,20.81,50,4.01,-46.2817,1670466839,NZ,100
264,-52.0986,20.53,20.53,91,5.71,-32.035,1670466839,BR,1
265,-100.5,19.76,19.76,83,1.99,26.5333,1670466840,MX,0
266,-147.7164,-6.56,-5.78,90,1.54,64.8378,1670466731,US,100
267,-38.8828,23.95,23.95,92,2.65,-15.8631,1670466168,BR,70
268,43.2471,23.34,23.34,83,5.15,3.8093,1670466840,SO,17
269,20.6473,19.87,19.87,25,2.55,8.4109,1670466841,CF,99
270,104.0439,19.37,19.37,72,1.01,20.4197,1670466841,LA,53
271,-79.5197,24.23,24.97,80,1.54,8.9936,1670466764,PA,20
272,113.0919,10.85,10.85,64,2.24,29.3333,1670466842,CN,2
273,-67.5,19.92,19.92,42,8.23,-45.8667,1670466842,AR,0
274,131.047,34.85,34.99,61,1.81,-12.497,1670466843,AU,98
275,-77.4297,22.46,22.46,68,3.71,20.9881,1670466843,CU,67
276,119.8707,28.88,28.88,81,1.23,-0.8917,1670466844,ID,95
277,-124.1573,8.24,8.85,89,4.12,40.5982,1670466844,US,100
278,-124.1637,8.43,9.0,91,0.45,40.8021,1670466647,US,89
279,112.7406,-11.12,-11.12,93,5.94,59.6289,1670466845,RU,100
280,122.6711,27.45,27.45,72,3.83,10.9995,1670466845,PH,92
281,-131.6461,5.26,6.99,87,9.77,55.3422,1670466851,US,100
282,70.1167,22.01,22.01,46,3.7,21.1167,1670466851,IN,2
283,-68.8,29.95,29.95,32,2.57,-32.8833,1670466851,AR,0
284,110.4676,-11.96,-11.96,83,5.95,51.3674,1670466852,RU,100
285,-35.2094,25.12,25.36,78,9.26,-5.795,1670466852,BR,20
286,-74.6158,21.1,21.1,80,1.33,-15.4311,1670466853,PE,97
287,-106.8814,20.86,20.86,80,2.13,24.0261,1670466853,MX,1
288,132.9,-20.3,-20.3,92,2.46,53.1333,1670466854,RU,100
289,-85.1999,16.15,17.78,94,0.0,32.3502,1670466854,US,20
290,27.0923,9.97,9.97,81,4.12,38.4622,1670466759,TR,20
291,10.6554,23.89,23.89,90,2.17,-3.432,1670466855,GA,100
292,-87.4237,4.72,5.5,83,1.54,41.5284,1670466855,US,100
293,156.5167,-2.14,-2.14,67,10.75,51.5,1670466856,RU,100
294,36.5833,1.11,1.11,75,2.25,40.4167,1670466856,TR,100
295,41.9211,-9.28,-9.28,92,2.82,64.2956,1670466857,RU,86
296,77.2092,19.77,19.77,55,1.94,13.6606,1670466857,IN,96
297,24.6667,11.59,11.59,29,3.13,14.2,1670466858,SD,0
298,13.84,16.14,16.14,24,1.27,-18.0607,1670466858,NA,0
299,116.8289,29.55,29.55,62,1.54,-1.2675,1670466727,ID,20
300,-135.0538,-2.57,-2.57,93,5.66,60.7161,1670466651,CA,75
301,-115.7999,-33.01,-33.01,75,2.06,60.8156,1670466859,CA,20
302,128.1814,31.08,31.08,66,3.09,-3.6954,1670466648,ID,20
303,12.6896,0.46,1.57,89,1.01,48.9112,1670466860,DE,97
304,96.1667,22.45,22.45,30,0.96,27.9167,1670466861,IN,23
305,-59.5167,25.03,25.03,87,3.09,13.2167,1670466787,BB,20
306,114.0833,-32.39,-32.39,100,3.29,71.9167,1670466861,RU,100
307,76.5667,16.86,16.86,35,1.08,24.4167,1670466862,IN,4
308,-59.5333,22.05,24.73,88,3.09,13.0667,1670466862,BB,20
309,-75.833,7.51,8.9,90,4.12,42.2506,1670466863,US,100
310,39.7956,-9.85,-9.85,73,5.49,55.1282,1670466863,RU,39
311,49.8164,23.42,23.42,83,5.58,7.9803,1670466863,SO,97
312,59.5386,-22.6,-22.6,93,1.05,50.7587,1670466864,RU,17
313,47.2833,19.66,19.66,95,0.97,-22.8167,1670466801,MG,78
314,10.85,13.78,13.78,35,1.64,30.3333,1670466864,LY,100
315,20.2827,19.06,19.06,25,2.65,11.0297,1670466865,TD,33
316,15.8999,21.09,21.09,97,0.92,-0.4819,1670466865,CG,100
317,107.0303,9.41,9.41,57,0.49,33.0728,1670466866,CN,8
318,25.0865,17.13,17.13,57,3.28,31.7561,1670466866,LY,13
319,-65.3245,21.32,21.32,93,2.48,9.3503,1670466867,VE,96
320,2.3488,3.07,3.95,95,2.06,48.8534,1670466474,FR,100
321,10.347,-5.57,-5.54,98,1.62,46.4631,1670466867,IT,70
322,17.366,20.0,20.0,25,2.15,9.3627,1670466868,TD,70
323,53.3971,2.08,2.08,80,0.66,35.5729,1670466868,IR,19
324,57.6608,25.21,25.22,74,6.26,-20.0064,1670466868,MU,16
325,123.3827,27.5,27.5,71,3.51,12.4841,1670466869,PH,98
326,35.3833,24.3,24.3,85,1.42,-23.865,1670466869,MZ,21
327,98.5174,-4.06,-4.06,56,1.17,39.7432,1670466870,CN,5
328,-73.7833,10.48,10.48,67,0.97,-15.0333,1670466875,PE,95
329,39.0333,11.54,11.54,47,2.35,12.0333,1670466875,ET,0
330,-35.4608,25.56,25.56,80,5.85,-5.1989,1670466876,BR,85
331,109.0172,10.24,10.24,53,0.93,32.68,1670466876,CN,66
332,34.4667,-5.95,-5.95,95,3.41,62.9167,1670466706,RU,100
333,-10.0711,25.48,25.48,34,2.8,20.5022,1670466877,MR,66
334,25.9704,2.86,2.86,75,13.38,70.9821,1670466877,NO,75
335,-158.0072,26.14,26.97,67,9.26,21.3156,1670466592,US,20
336,1.3862,0.53,1.5,90,0.45,51.3813,1670466878,GB,21
337,48.5268,26.23,26.23,81,7.33,5.3505,1670466879,SO,100
338,-66.8654,1.9,3.12,100,1.71,50.0334,1670466879,CA,100
339,-63.1414,24.2,24.2,90,0.96,-4.085,1670466879,BR,93
340,47.6,23.18,23.18,88,1.74,-23.35,1670466880,MG,67
341,34.4509,14.11,14.11,68,1.63,1.3965,1670466880,UG,99
342,-109.0565,-5.4,-4.86,69,1.34,44.5263,1670466881,US,0
343,58.3672,-20.25,-20.25,98,1.38,53.9194,1670466881,RU,12
344,74.9804,-17.66,-17.66,85,7.0,46.844,1670466881,KZ,75
345,-97.0667,26.46,26.46,73,0.0,15.85,1670466882,MX,0
346,-42.0278,23.17,23.17,90,5.91,-22.9661,1670466878,BR,0
347,-6.6363,24.8,24.8,90,1.94,4.7485,1670466882,CI,16
348,23.3716,15.72,15.72,83,1.21,-34.0527,1670466883,ZA,0
349,10.0886,-3.15,-1.77,68,1.23,55.5669,1670466883,DK,99
350,-27.9833,15.41,15.41,77,11.17,39.05,1670466883,PT,74
351,81.2335,23.23,23.23,79,11.48,8.5711,1670466884,LK,100
352,167.7167,12.97,12.97,96,1.24,-45.4167,1670466884,NZ,100
353,-89.3168,-23.05,-23.01,77,2.06,48.4001,1670466885,CA,0
354,-7.1664,-0.49,-0.49,86,10.8,62.1564,1670466885,FO,40
355,143.3525,-0.99,-0.99,64,3.6,44.3525,1670466885,JP,75
356,-78.1522,18.56,18.56,88,2.96,-10.0681,1670466886,PE,98
357,-47.4833,23.32,23.32,84,0.58,-2.9667,1670466886,BR,69
358,-70.7656,23.4,23.4,88,1.06,-8.1614,1670466835,BR,100
359,-70.4833,17.92,17.92,82,0.92,-25.4,1670466886,CL,23
360,-35.1478,24.77,24.77,79,2.97,-8.8978,1670466887,BR,40
361,43.2844,26.23,26.23,77,2.76,-11.3847,1670466887,KM,9
362,156.125,-2.12,-2.12,65,8.54,50.6789,1670466888,RU,85
363,24.7314,19.94,19.94,74,1.79,-34.0033,1670466888,ZA,82
364,-8.3327,12.18,12.26,94,2.89,40.1629,1670466888,PT,100
365,-82.5271,17.63,19.19,83,2.33,33.194,1670466889,US,95
366,55.2,-8.28,-8.28,62,4.28,45.3167,1670466889,KZ,0
367,129.4833,19.51,19.51,58,7.22,28.3667,1670466890,JP,73
368,-79.5389,10.07,11.63,92,3.09,40.3015,1670466665,US,100
369,150.85,-39.92,-39.92,93,3.46,65.75,1670466890,RU,16
370,79.8333,22.99,22.99,72,8.45,11.2333,1670466890,IN,100
371,-4.0197,26.98,26.98,94,2.06,5.3094,1670466667,CI,20
372,44.8013,-13.27,-13.27,20,5.12,53.2084,1670466891,RU,6
373,70.8333,-13.81,-13.81,88,3.87,66.8333,1670466896,RU,100
374,113.4974,-9.96,-9.96,57,5.0,52.1352,1670466897,RU,14
375,113.2792,-14.13,-14.13,74,4.45,46.6806,1670466897,MN,5
376,-97.5169,22.91,23.99,91,5.68,28.017,1670466898,US,0
377,44.2833,25.88,25.88,78,2.37,-20.2833,1670466898,MG,1
378,-105.25,21.74,21.74,95,0.58,19.9333,1670466898,MX,2
379,135.7,-12.17,-12.17,58,3.2,51.6667,1670466899,RU,8
380,124.1572,25.07,25.07,78,8.23,24.3448,1670466899,JP,75
381,106.3439,-2.49,-2.49,38,0.58,39.2342,1670466899,CN,99
382,122.95,26.57,26.57,80,4.49,10.6667,1670466900,PH,99
383,21.5482,17.67,17.67,39,4.79,29.0331,1670466900,LY,88
384,14.2845,13.64,13.64,92,1.95,-22.116,1670466900,NA,0
385,55.4781,23.82,23.82,78,3.09,-21.3393,1670466901,RE,100
386,44.0669,-14.04,-14.04,88,3.93,56.3567,1670466901,RU,12
387,27.6208,14.67,14.67,70,2.31,-28.3197,1670466901,ZA,69
388,16.5887,18.45,18.45,76,7.54,31.2089,1670466902,LY,43
389,-15.2082,-3.15,-3.15,59,8.33,64.2539,1670466902,IS,0
390,127.6694,23.01,23.21,56,10.8,26.1247,1670466903,JP,20
391,25.7214,-4.48,-4.48,94,4.62,59.5764,1670466903,EE,100
392,26.6595,19.76,19.76,82,1.51,-23.688,1670466904,BW,96
393,-60.4388,30.2,30.2,36,4.68,-26.7852,1670466669,AR,21
394,-149.3333,29.01,29.01,82,6.78,-17.5333,1670466904,PF,100
395,9.7833,21.0,21.0,26,2.44,7.85,1670466904,NG,99
396,152.8535,29.45,29.45,79,4.02,-25.2986,1670466905,AU,40
397,44.1277,14.36,14.36,39,0.66,17.4924,1670466905,SA,0
398,39.5131,-7.58,-7.58,93,3.14,68.0531,1670466906,RU,65
399,-88.2667,21.15,21.15,86,3.38,21.2833,1670466906,MX,0
400,103.5347,-18.46,-18.46,80,0.93,48.8125,1670466906,MN,3
401,147.981,16.76,16.76,51,10.03,-37.8811,1670466907,AU,37
402,127.7558,22.6,22.81,56,10.8,26.1842,1670466907,JP,20
403,-85.8591,10.0,10.63,97,2.57,37.694,1670466850,US,100
404,-44.3586,23.99,23.99,75,0.51,-9.0744,1670466908,BR,98
405,6.7931,24.74,24.74,89,1.4,4.7084,1670466908,NG,98
406,-70.6483,22.69,23.47,39,4.12,-33.4569,1670466600,CL,0
407,30.2869,14.14,14.14,72,2.28,36.3703,1670466909,TR,38
408,-2.7215,11.1,11.94,83,2.86,43.4209,1670466909,ES,97
409,39.7666,24.56,24.56,85,2.15,-5.2459,1670466909,TZ,4
410,-71.3436,14.85,14.85,100,4.12,-29.9533,1670466796,CL,0
411,-57.6007,26.49,26.49,27,4.95,-30.2752,1670466910,UY,16
412,128.7333,34.99,34.99,41,3.6,-15.7667,1670466910,AU,13
413,64.5495,-13.64,-13.64,88,3.18,58.5198,1670466911,RU,85
414,-25.4333,14.0,14.23,88,5.03,37.7167,1670466912,PT,43
415,93.45,-3.88,-3.88,41,1.28,42.8,1670466912,CN,66
416,114.9675,31.5,31.5,57,1.3,-8.19,1670466913,ID,83
417,-40.4975,22.16,22.16,95,2.99,-20.6667,1670466913,BR,100
418,57.5333,17.94,17.94,65,0.83,22.9333,1670466913,OM,0
419,104.55,27.4,27.4,72,4.61,12.1667,1670466914,KH,100
420,-83.3888,23.43,23.43,88,3.62,14.0351,1670466914,NI,2
421,-70.4,18.6,18.6,82,1.07,-23.65,1670466914,CL,27
422,124.8925,29.78,29.78,52,1.61,-9.1061,1670466920,ID,96
423,12.6934,2.92,2.92,52,8.26,67.667,1670466920,NO,85
424,27.2453,13.11,13.11,58,5.14,31.3525,1670466921,EG,0
425,165.677,27.01,27.01,79,3.45,-21.6924,1670466921,NC,52
426,44.4009,9.95,9.95,93,2.57,33.3406,1670466765,IQ,100
427,-60.6733,23.99,23.99,88,1.03,2.8197,1670466922,BR,75
428,19.5333,20.02,20.02,98,0.08,-4.05,1670466922,CD,100
429,13.45,19.7,19.7,86,0.95,4.2333,1670466923,CM,98
430,-87.6307,-4.24,-3.73,65,4.48,45.1,1670466848,US,49
431,3.9054,-0.31,-0.18,100,1.54,46.4154,1670466640,FR,100
432,133.0839,-1.94,-1.94,45,6.08,42.7297,1670466693,RU,3
433,141.8833,5.8,5.8,56,7.02,39.2667,1670466924,JP,14
434,-71.6273,17.8,17.8,67,3.6,-33.0393,1670466924,CL,0
435,-121.4238,9.39,10.99,77,2.57,38.421,1670466924,US,0
436,135.8667,16.38,16.38,52,5.88,-34.7333,1670466661,AU,4
437,12.1522,19.76,19.76,80,1.75,-15.1961,1670466925,AO,10
438,165.15,27.86,27.86,78,2.52,-21.35,1670466735,NC,40
439,-158.1547,26.16,26.97,58,5.14,21.3906,1670466926,US,20
440,28.155,16.77,16.77,94,1.21,-13.5091,1670466926,ZM,91
441,-128.6534,0.51,0.51,29,0.88,54.0524,1670466800,CA,100
442,79.2634,16.27,16.27,37,2.58,27.0247,1670466926,IN,0
443,152.4333,28.98,28.98,68,3.22,-3.6667,1670466425,PG,100
444,-8.1588,7.61,7.61,81,3.81,42.0304,1670466927,PT,100
445,130.9889,34.85,34.85,16,6.6,-25.2406,1670466927,AU,8
446,7.0304,23.27,23.27,95,0.88,5.4833,1670466927,NG,97
447,-16.4493,24.25,24.25,59,5.32,14.6955,1670466928,SN,3
448,142.1667,-10.49,-10.49,66,6.51,49.6333,1670466928,RU,100
449,-124.2179,7.62,7.99,92,4.63,43.3665,1670466675,US,100
450,97.2,-6.04,-6.04,70,1.94,40.2833,1670466929,CN,32
451,73.0167,24.3,24.3,54,2.38,18.0333,1670466929,IN,100
452,115.95,24.9,26.17,52,5.14,-32.0167,1670466707,AU,75
453,150.7333,34.88,34.88,42,5.36,-23.1333,1670466930,AU,5
454,101.7667,-3.15,-3.15,57,0.53,36.6167,1670466930,CN,76
455,-9.3811,14.23,15.16,92,6.53,39.3558,1670466712,PT,92
456,-3.9836,25.15,25.15,15,3.26,22.6783,1670466931,ML,73
457,-56.0861,21.91,21.91,93,0.55,-9.8756,1670466931,BR,37
458,18.9667,16.74,16.74,21,0.47,-22.45,1670466932,NA,0
459,50.288,8.99,8.99,91,2.7,37.1376,1670466932,IR,99
460,-78.8867,18.1,19.08,88,1.54,33.6891,1670466708,US,100
461,75.0834,-20.32,-20.32,98,3.38,54.8377,1670466932,RU,74
462,12.558,-9.92,-6.78,61,1.57,56.1997,1670466933,SE,6
463,173.7833,16.07,16.07,92,8.59,-35.1,1670466933,NZ,100
464,-93.1338,15.01,15.1,94,0.0,35.2784,1670466934,US,100
465,-91.9167,25.58,25.58,76,2.31,14.3,1670466939,GT,1
466,51.65,-4.91,-4.91,58,5.89,43.2,1670466939,KZ,4
467,-68.5364,32.69,32.69,20,2.15,-31.5375,1670466749,AR,82
468,77.5833,-6.38,-6.38,44,0.99,34.1667,1670466940,IN,92
469,80.5333,16.2,16.2,40,1.68,25.6167,1670466940,IN,20
470,77.2406,-4.33,-4.33,37,0.93,38.4167,1670466941,CN,0
471,37.1841,11.74,11.74,73,1.45,35.3029,1670466941,SY,96
472,74.371,-18.72,-18.72,94,3.65,56.8944,1670466941,RU,92
473,-100.7654,-6.06,-6.06,73,6.17,41.1239,1670466697,US,0
474,-41.0511,22.3,22.3,94,3.6,-21.6403,1670466942,BR,100
475,150.8552,21.7,21.7,45,5.1,-34.5833,1670466942,AU,13
476,-64.7981,22.95,22.95,98,0.39,-7.2586,1670466942,BR,100
477,-39.9167,26.44,26.44,79,6.8,-2.9248,1670466943,BR,59
478,-85.452,22.39,22.39,84,2.99,10.1483,1670466943,CR,2
479,-50.6133,22.58,22.58,77,1.08,-15.8233,1670466944,BR,98
480,100.0,22.37,22.37,83,1.03,18.0833,1670466944,TH,20
481,11.3581,21.19,21.19,99,0.3,-2.4008,1670466944,GA,100
482,105.8933,5.27,5.27,55,1.41,34.5686,1670466945,CN,36
483,58.1873,-22.68,-22.68,92,1.72,51.5026,1670466945,RU,69
484,3.042,6.9,6.9,100,1.03,36.7525,1670466946,DZ,20
485,29.8333,21.63,21.63,30,2.87,9.2333,1670466946,SS,33
486,99.825,-24.35,-24.35,84,0.93,52.5178,1670466946,RU,64
487,50.1667,23.58,23.58,80,4.13,-14.2667,1670466947,MG,9
488,4.3989,11.8,11.8,78,2.25,36.3868,1670466947,DZ,14
489,-120.4579,9.47,11.55,88,0.0,34.6391,1670466947,US,0
490,77.6992,19.13,19.13,77,4.12,13.2325,1670466948,IN,20
491,-6.589,0.51,0.51,72,14.65,62.2266,1670466948,FO,100
492,85.85,19.29,19.29,41,6.21,19.8,1670466948,IN,59
493,-44.2467,20.49,20.49,98,0.78,-19.4658,1670466949,BR,100
494,-0.4044,0.24,1.48,90,0.45,54.2797,1670466714,GB,92
495,-115.95,14.05,14.05,70,5.33,30.4833,1670466949,MX,0
496,87.9563,-21.44,-21.44,97,0.68,50.6321,1670466949,RU,81
497,-39.4817,22.5,22.5,75,3.59,-9.8414,1670466950,BR,70
498,-17.4441,24.49,24.49,84,8.59,14.6937,1670466950,SN,1
499,177.4833,-18.72,-18.72,65,3.0,64.75,1670466950,RU,0
500,143.9935,18.44,18.44,86,1.53,-6.2821,1670466951,PG,100
501,28.734,19.5,19.5,81,2.16,-9.3451,1670466951,ZM,84
502,112.4714,-21.07,-21.07,98,1.02,63.0128,1670466952,RU,100
503,45.4667,25.92,25.92,77,1.11,-19.5167,1670466952,MG,0
504,25.8338,16.05,16.05,84,1.67,-13.4584,1670466952,ZM,37
505,1.4078,22.39,22.39,17,4.88,18.4411,1670466953,ML,0
506,-124.2243,7.64,7.95,92,4.63,43.4065,1670466953,US,100
507,152.9167,26.61,26.61,55,8.14,-31.4333,1670466756,AU,23
508,11.3842,-8.09,-8.09,86,0.51,62.5747,1670466954,NO,100
509,15.0925,18.43,18.43,76,8.24,32.3754,1670466954,LY,94
510,167.4833,24.89,24.89,81,3.75,-22.6667,1670466954,NC,60
511,-94.4337,-22.46,-22.35,70,4.12,49.8167,1670466692,CA,20
512,-59.5939,26.54,26.54,72,0.15,-4.3878,1670466960,BR,100
513,118.3319,-40.49,-40.49,100,0.65,63.2842,1670466960,RU,67
514,131.2,12.98,12.98,46,4.9,34.3833,1670466961,JP,100
515,38.1067,-5.53,-5.53,85,6.15,50.2035,1670466961,RU,100
516,-21.9206,-5.02,-4.97,71,3.77,64.5383,1670466961,IS,5
517,24.4833,-4.95,-4.95,94,5.87,64.6833,1670466726,FI,100
518,-86.5333,16.66,16.66,95,1.5,14.8333,1670466962,HN,12
519,-34.8086,25.33,25.33,78,3.71,-7.4706,1670466962,BR,21
520,119.1986,18.72,18.72,64,4.24,25.4872,1670466963,CN,19
521,102.2634,12.33,12.33,51,0.9,27.8964,1670466963,CN,2
522,-62.2724,23.16,23.16,63,4.63,-38.7196,1670466732,AR,1
523,-70.7581,20.72,20.72,61,2.54,-28.5708,1670466964,CL,100
524,120.7524,30.24,30.24,60,2.07,-1.3959,1670466744,ID,100
525,-73.2459,14.42,14.42,96,2.92,-39.8142,1670466964,CL,27
526,-58.7368,20.09,20.09,74,2.77,-38.5473,1670466964,AR,100
527,118.3755,8.59,8.59,87,1.56,31.3366,1670466965,CN,100
528,142.8333,-9.59,-9.59,72,3.85,49.75,1670466730,RU,92
529,-10.7969,25.54,25.54,85,1.87,6.3005,1670466854,LR,13
530,32.1833,21.01,21.01,23,5.25,12.35,1670466966,SD,100
531,74.4859,-13.16,-13.16,95,4.53,65.85,1670466966,RU,100
532,91.6419,-18.01,-18.01,83,1.77,48.0056,1670466966,MN,48
533,108.9,25.25,25.25,88,1.04,0.7,1670466967,ID,100
534,75.2418,-18.29,-18.29,93,3.75,56.3724,1670466967,RU,95
535,-52.2064,25.03,25.03,77,1.38,-3.2033,1670466968,BR,92
536,73.1786,-5.11,-5.11,91,1.39,42.8728,1670466968,KZ,100
537,5.1167,1.97,1.97,87,2.57,47.3167,1670466968,FR,100
538,146.4167,-27.27,-27.27,100,1.34,68.5333,1670466821,RU,100
539,51.5333,23.57,23.99,83,1.54,25.2867,1670466752,QA,20
540,-151.0167,26.97,26.97,77,7.31,-16.7,1670466969,PF,100
541,-86.1758,4.65,6.53,94,2.39,39.447,1670466970,US,100
542,-122.7002,-17.81,-17.23,82,2.06,58.8053,1670466719,CA,100
543,114.53,-10.91,-10.91,71,8.62,51.1,1670466970,RU,37
544,-101.865,-20.92,-20.92,99,1.05,54.7682,1670466970,CA,99
545,-13.564,20.12,20.12,88,5.66,29.0605,1670466963,ES,75
546,167.55,31.37,31.37,70,0.0,-13.8833,1670466971,VU,29
547,-7.4966,22.11,22.11,95,1.1,6.5456,1670466971,CI,2
548,144.9667,20.14,20.14,25,7.85,-35.5333,1670466972,AU,2
549,115.8257,19.34,19.34,70,2.92,22.8134,1670466972,CN,13
550,127.4902,-13.68,-13.68,79,1.56,50.2441,1670466972,CN,4
551,29.0864,1.82,1.97,69,12.35,70.8578,1670466973,NO,100
552,87.9833,-14.44,-14.44,95,7.41,65.8167,1670466973,RU,100
553,-73.9167,15.54,15.54,82,0.77,-12.65,1670466974,PE,100
554,81.8167,24.02,24.02,62,10.41,7.4167,1670466974,LK,100
555,32.5818,-2.27,-2.27,94,5.28,52.1783,1670466975,UA,100
556,114.9278,-10.15,-10.15,93,5.51,60.7253,1670466975,RU,100
557,173.1667,17.58,17.58,80,6.91,-35.1667,1670466975,NZ,100
558,71.7632,-19.93,-19.93,98,2.82,54.3663,1670466976,RU,28
559,-70.2286,13.1,14.26,98,4.63,41.7057,1670466981,US,100
560,-117.136,-22.94,-22.94,77,3.6,58.5169,1670466982,CA,100
561,126.2925,-11.81,-11.81,93,5.4,58.9564,1670466982,RU,100
562,121.6247,-38.98,-38.98,100,1.16,63.7553,1670466797,RU,63
563,38.1182,-9.33,-8.6,79,8.05,55.619,1670466982,RU,75
564,81.3833,22.95,22.95,57,3.52,16.6,1670466983,IN,100
565,12.6946,-7.32,-4.59,81,1.12,57.5073,1670466983,SE,92
566,109.2333,25.63,25.63,88,8.57,13.7667,1670466984,VN,77
567,95.3333,21.89,21.89,37,0.44,28.0667,1670466984,IN,22
568,-73.2472,25.02,25.02,88,0.51,-3.7481,1670466985,PE,75
569,26.4,2.51,2.51,90,2.06,46.4333,1670466985,RO,100
570,-63.5724,8.1,8.58,97,10.29,44.6453,1670466841,CA,100
571,-8.5306,1.65,1.65,93,5.66,51.7075,1670466986,IE,20
572,-42.12,19.33,19.33,99,0.75,-19.5492,1670466986,BR,100
573,-80.6094,-23.01,-23.01,77,3.09,51.2585,1670466986,CA,0
574,-105.7677,-16.03,-16.03,66,3.09,53.2001,1670466886,CA,100
575,88.6667,-22.99,-22.99,96,0.79,50.0,1670466987,RU,97
576,124.2928,25.81,25.81,69,2.1,7.9986,1670466740,PH,100
